N,U,J,g,lbd,B,qmax,size_grid,timestamp
1,3.0,0.6,0.1,0.02,0.1,1.2,101,20250503124510300629
1,3.0,0.6,0.1,0.02,0.2,1.2,101,20250503124701786439
1,3.0,0.6,0.1,0.05,0.1,1.2,101,20250503124852710002
1,3.0,0.6,0.1,0.05,0.2,1.2,101,20250503125044120907
1,3.0,0.6,0.1,0.07,0.1,1.2,101,20250503125237171997
1,3.0,0.6,0.1,0.07,0.2,1.2,101,20250503125428951275
1,3.0,0.6,0.2,0.02,0.1,1.2,101,20250503125621222501
1,3.0,0.6,0.2,0.02,0.2,1.2,101,20250503125815496711
1,3.0,0.6,0.2,0.05,0.1,1.2,101,20250503130008895668
1,3.0,0.6,0.2,0.05,0.2,1.2,101,20250503130200290080
1,3.0,0.6,0.2,0.07,0.1,1.2,101,20250503130351788852
1,3.0,0.6,0.2,0.07,0.2,1.2,101,20250503130545221233
1,3.0,0.8,0.1,0.02,0.1,1.2,101,20250503130738394384
1,3.0,0.8,0.1,0.02,0.2,1.2,101,20250503130932193805
1,3.0,0.8,0.1,0.05,0.1,1.2,101,20250503131125298593
1,3.0,0.8,0.1,0.05,0.2,1.2,101,20250503131317438524
1,3.0,0.8,0.1,0.07,0.1,1.2,101,20250503131509874292
1,3.0,0.8,0.1,0.07,0.2,1.2,101,20250503131705138508
1,3.0,0.8,0.2,0.02,0.1,1.2,101,20250503131856972335
1,3.0,0.8,0.2,0.02,0.2,1.2,101,20250503132049746311
1,3.0,0.8,0.2,0.05,0.1,1.2,101,20250503132241750016
1,3.0,0.8,0.2,0.05,0.2,1.2,101,20250503132621316556
1,3.0,0.8,0.2,0.07,0.1,1.2,101,20250503132812396534
1,3.0,0.8,0.2,0.07,0.2,1.2,101,20250503133004014114
1,3.0,1.0,0.1,0.02,0.1,1.2,101,20250503133157702279
1,3.0,1.0,0.1,0.02,0.2,1.2,101,20250503133350750233
1,3.0,1.0,0.1,0.05,0.1,1.2,101,20250503133542361911
1,3.0,1.0,0.1,0.05,0.2,1.2,101,20250503133735221644
1,3.0,1.0,0.1,0.07,0.1,1.2,101,20250503133928054648
1,3.0,1.0,0.1,0.07,0.2,1.2,101,20250503134120494775
1,3.0,1.0,0.2,0.02,0.1,1.2,101,20250503134313734940
1,3.0,1.0,0.2,0.02,0.2,1.2,101,20250503134505048410
1,3.0,1.0,0.2,0.05,0.1,1.2,101,20250503134657890061
1,3.0,1.0,0.2,0.05,0.2,1.2,101,20250503134849714602
1,3.0,1.0,0.2,0.07,0.1,1.2,101,20250503135041842029
1,3.0,1.0,0.2,0.07,0.2,1.2,101,20250503135233974243
1,4.0,0.6,0.1,0.02,0.1,1.2,101,20250503135426700591
1,4.0,0.6,0.1,0.02,0.2,1.2,101,20250503135618946005
1,4.0,0.6,0.1,0.05,0.1,1.2,101,20250503135812115176
1,4.0,0.6,0.1,0.05,0.2,1.2,101,20250503140004248317
1,4.0,0.6,0.1,0.07,0.1,1.2,101,20250503140156658718
1,4.0,0.6,0.1,0.07,0.2,1.2,101,20250503140349307488
1,4.0,0.6,0.2,0.02,0.1,1.2,101,20250503140541630765
1,4.0,0.6,0.2,0.02,0.2,1.2,101,20250503140735912047
1,4.0,0.6,0.2,0.05,0.1,1.2,101,20250503140928749751
1,4.0,0.6,0.2,0.05,0.2,1.2,101,20250503141121207484
1,4.0,0.6,0.2,0.07,0.1,1.2,101,20250503141313004545
1,4.0,0.6,0.2,0.07,0.2,1.2,101,20250503141504831805
1,4.0,0.8,0.1,0.02,0.1,1.2,101,20250503141656933024
1,4.0,0.8,0.1,0.02,0.2,1.2,101,20250503141848935094
1,4.0,0.8,0.1,0.05,0.1,1.2,101,20250503142041429847
1,4.0,0.8,0.1,0.05,0.2,1.2,101,20250503142233230218
1,4.0,0.8,0.1,0.07,0.1,1.2,101,20250503142426300554
1,4.0,0.8,0.1,0.07,0.2,1.2,101,20250503142618938174
1,4.0,0.8,0.2,0.02,0.1,1.2,101,20250503142811682317
1,4.0,0.8,0.2,0.02,0.2,1.2,101,20250503143004625950
1,4.0,0.8,0.2,0.05,0.1,1.2,101,20250503143156966342
1,4.0,0.8,0.2,0.05,0.2,1.2,101,20250503143350426529
1,4.0,0.8,0.2,0.07,0.1,1.2,101,20250503143542554043
1,4.0,0.8,0.2,0.07,0.2,1.2,101,20250503143737346526
1,4.0,1.0,0.1,0.02,0.1,1.2,101,20250503143931422227
1,4.0,1.0,0.1,0.02,0.2,1.2,101,20250503144124159114
1,4.0,1.0,0.1,0.05,0.1,1.2,101,20250503144317611570
1,4.0,1.0,0.1,0.05,0.2,1.2,101,20250503144512089469
1,4.0,1.0,0.1,0.07,0.1,1.2,101,20250503144704730334
1,4.0,1.0,0.1,0.07,0.2,1.2,101,20250503144857490190
1,4.0,1.0,0.2,0.02,0.1,1.2,101,20250503145050642739
1,4.0,1.0,0.2,0.02,0.2,1.2,101,20250503145243174255
1,4.0,1.0,0.2,0.05,0.1,1.2,101,20250503145436218286
1,4.0,1.0,0.2,0.05,0.2,1.2,101,20250503145630603972
1,4.0,1.0,0.2,0.07,0.1,1.2,101,20250503145824909848
1,4.0,1.0,0.2,0.07,0.2,1.2,101,20250503150019058785
1,5.0,0.6,0.1,0.02,0.1,1.2,101,20250503150213018258
1,5.0,0.6,0.1,0.02,0.2,1.2,101,20250503150406310936
1,5.0,0.6,0.1,0.05,0.1,1.2,101,20250503150559855675
1,5.0,0.6,0.1,0.05,0.2,1.2,101,20250503150754232947
1,5.0,0.6,0.1,0.07,0.1,1.2,101,20250503150948096154
1,5.0,0.6,0.1,0.07,0.2,1.2,101,20250503151140938722
1,5.0,0.6,0.2,0.02,0.1,1.2,101,20250503151335329841
1,5.0,0.6,0.2,0.02,0.2,1.2,101,20250503151529406772
1,5.0,0.6,0.2,0.05,0.1,1.2,101,20250503151721663150
1,5.0,0.6,0.2,0.05,0.2,1.2,101,20250503151914686449
1,5.0,0.6,0.2,0.07,0.1,1.2,101,20250503152106506983
1,5.0,0.6,0.2,0.07,0.2,1.2,101,20250503152300480002
1,5.0,0.8,0.1,0.02,0.1,1.2,101,20250503152454512401
1,5.0,0.8,0.1,0.02,0.2,1.2,101,20250503152648525825
1,5.0,0.8,0.1,0.05,0.1,1.2,101,20250503152842628678
1,5.0,0.8,0.1,0.05,0.2,1.2,101,20250503153037485903
1,5.0,0.8,0.1,0.07,0.1,1.2,101,20250503153230742052
1,5.0,0.8,0.1,0.07,0.2,1.2,101,20250503153425207890
1,5.0,0.8,0.2,0.02,0.1,1.2,101,20250503153619094961
1,5.0,0.8,0.2,0.02,0.2,1.2,101,20250503153813172171
1,5.0,0.8,0.2,0.05,0.1,1.2,101,20250503154008963821
1,5.0,0.8,0.2,0.05,0.2,1.2,101,20250503154203470255
1,5.0,0.8,0.2,0.07,0.1,1.2,101,20250503154355679086
1,5.0,0.8,0.2,0.07,0.2,1.2,101,20250503154549570372
1,5.0,1.0,0.1,0.02,0.1,1.2,101,20250503154743340049
1,5.0,1.0,0.1,0.02,0.2,1.2,101,20250503154936979551
1,5.0,1.0,0.1,0.05,0.1,1.2,101,20250503155130136575
1,5.0,1.0,0.1,0.05,0.2,1.2,101,20250503155324327819
1,5.0,1.0,0.1,0.07,0.1,1.2,101,20250503155520579017
1,5.0,1.0,0.1,0.07,0.2,1.2,101,20250503155714584609
1,5.0,1.0,0.2,0.02,0.1,1.2,101,20250503155908686685
1,5.0,1.0,0.2,0.02,0.2,1.2,101,20250503160102254325
1,5.0,1.0,0.2,0.05,0.1,1.2,101,20250503160255611238
1,5.0,1.0,0.2,0.05,0.2,1.2,101,20250503160449374071
1,5.0,1.0,0.2,0.07,0.1,1.2,101,20250503160644266438
1,5.0,1.0,0.2,0.07,0.2,1.2,101,20250503160839255158
1,6.0,0.6,0.1,0.02,0.1,1.2,101,20250503161032005384
1,6.0,0.6,0.1,0.02,0.2,1.2,101,20250503161225004688
1,6.0,0.6,0.1,0.05,0.1,1.2,101,20250503161418742676
1,6.0,0.6,0.1,0.05,0.2,1.2,101,20250503161611980538
1,6.0,0.6,0.1,0.07,0.1,1.2,101,20250503161804606242
1,6.0,0.6,0.1,0.07,0.2,1.2,101,20250503161956838118
1,6.0,0.6,0.2,0.02,0.1,1.2,101,20250503162149427475
1,6.0,0.6,0.2,0.02,0.2,1.2,101,20250503162342622657
1,6.0,0.6,0.2,0.05,0.1,1.2,101,20250503162535308527
1,6.0,0.6,0.2,0.05,0.2,1.2,101,20250503162729119812
1,6.0,0.6,0.2,0.07,0.1,1.2,101,20250503162922290162
1,6.0,0.6,0.2,0.07,0.2,1.2,101,20250503163116677150
1,6.0,0.8,0.1,0.02,0.1,1.2,101,20250503163310342247
1,6.0,0.8,0.1,0.02,0.2,1.2,101,20250503163504422938
1,6.0,0.8,0.1,0.05,0.1,1.2,101,20250503163658117485
1,6.0,0.8,0.1,0.05,0.2,1.2,101,20250503163851549681
1,6.0,0.8,0.1,0.07,0.1,1.2,101,20250503164045174368
1,6.0,0.8,0.1,0.07,0.2,1.2,101,20250503164237546559
1,6.0,0.8,0.2,0.02,0.1,1.2,101,20250503164431598766
1,6.0,0.8,0.2,0.02,0.2,1.2,101,20250503164624470006
1,6.0,0.8,0.2,0.05,0.1,1.2,101,20250503164818842721
1,6.0,0.8,0.2,0.05,0.2,1.2,101,20250503165011464675
1,6.0,0.8,0.2,0.07,0.1,1.2,101,20250503165204391147
1,6.0,0.8,0.2,0.07,0.2,1.2,101,20250503165358089870
1,6.0,1.0,0.1,0.02,0.1,1.2,101,20250503165551130514
1,6.0,1.0,0.1,0.02,0.2,1.2,101,20250503165744492638
1,6.0,1.0,0.1,0.05,0.1,1.2,101,20250503165938369851
1,6.0,1.0,0.1,0.05,0.2,1.2,101,20250503170132430282
1,6.0,1.0,0.1,0.07,0.1,1.2,101,20250503170326724854
1,6.0,1.0,0.1,0.07,0.2,1.2,101,20250503170520673285
1,6.0,1.0,0.2,0.02,0.1,1.2,101,20250503170714029792
1,6.0,1.0,0.2,0.02,0.2,1.2,101,20250503170907604758
1,6.0,1.0,0.2,0.05,0.1,1.2,101,20250503171102073364
1,6.0,1.0,0.2,0.05,0.2,1.2,101,20250503171254009991
1,6.0,1.0,0.2,0.07,0.1,1.2,101,20250503171449720576
1,6.0,1.0,0.2,0.07,0.2,1.2,101,20250503171642760186
1,1.5,0.4,0.02,0.1,0.02,1.2,101,20250503171839011889
1,1.5,0.4,0.02,0.1,0.1,1.2,101,20250503172032659752
1,1.5,0.4,0.02,0.2,0.02,1.2,101,20250503172226524670
1,1.5,0.4,0.02,0.2,0.1,1.2,101,20250503172421008698
1,1.5,0.4,0.1,0.1,0.02,1.2,101,20250503172614864386
1,1.5,0.4,0.1,0.1,0.1,1.2,101,20250503172808338198
1,1.5,0.4,0.1,0.2,0.02,1.2,101,20250503173001992505
1,1.5,0.4,0.1,0.2,0.1,1.2,101,20250503173155905843
1,1.5,0.5,0.02,0.1,0.02,1.2,101,20250503173349742366
1,1.5,0.5,0.02,0.1,0.1,1.2,101,20250503173543813405
1,1.5,0.5,0.02,0.2,0.02,1.2,101,20250503173737786253
1,1.5,0.5,0.02,0.2,0.1,1.2,101,20250503173932988718
1,1.5,0.5,0.1,0.1,0.02,1.2,101,20250503174126140737
1,1.5,0.5,0.1,0.1,0.1,1.2,101,20250503174321150370
1,1.5,0.5,0.1,0.2,0.02,1.2,101,20250503174514998682
1,1.5,0.5,0.1,0.2,0.1,1.2,101,20250503174708890583
1,1.5,0.6,0.02,0.1,0.02,1.2,101,20250503174902659898
1,1.5,0.6,0.02,0.1,0.1,1.2,101,20250503175056155641
1,1.5,0.6,0.02,0.2,0.02,1.2,101,20250503175250086577
1,1.5,0.6,0.02,0.2,0.1,1.2,101,20250503175443142165
1,1.5,0.6,0.1,0.1,0.02,1.2,101,20250503175637008543
1,1.5,0.6,0.1,0.1,0.1,1.2,101,20250503175832599743
1,1.5,0.6,0.1,0.2,0.02,1.2,101,20250503180025771362
1,1.5,0.6,0.1,0.2,0.1,1.2,101,20250503180220608480
1,2.5,0.4,0.02,0.1,0.02,1.2,101,20250503180414841811
1,2.5,0.4,0.02,0.1,0.1,1.2,101,20250503180610976072
1,2.5,0.4,0.02,0.2,0.02,1.2,101,20250503180807220219
1,2.5,0.4,0.02,0.2,0.1,1.2,101,20250503181002096629
1,2.5,0.4,0.1,0.1,0.02,1.2,101,20250503181155602082
1,2.5,0.4,0.1,0.1,0.1,1.2,101,20250503181350441314
1,2.5,0.4,0.1,0.2,0.02,1.2,101,20250503181545934378
1,2.5,0.4,0.1,0.2,0.1,1.2,101,20250503181739781028
1,2.5,0.5,0.02,0.1,0.02,1.2,101,20250503181934712643
1,2.5,0.5,0.02,0.1,0.1,1.2,101,20250503182129040048
1,2.5,0.5,0.02,0.2,0.02,1.2,101,20250503182324150861
1,2.5,0.5,0.02,0.2,0.1,1.2,101,20250503182519365169
1,2.5,0.5,0.1,0.1,0.02,1.2,101,20250503182715264999
1,2.5,0.5,0.1,0.1,0.1,1.2,101,20250503182910178496
1,2.5,0.5,0.1,0.2,0.02,1.2,101,20250503183105073544
1,2.5,0.5,0.1,0.2,0.1,1.2,101,20250503183259760273
1,2.5,0.6,0.02,0.1,0.02,1.2,101,20250503183454345939
1,2.5,0.6,0.02,0.1,0.1,1.2,101,20250503183648514199
1,2.5,0.6,0.02,0.2,0.02,1.2,101,20250503183843310453
1,2.5,0.6,0.02,0.2,0.1,1.2,101,20250503184036972587
1,2.5,0.6,0.1,0.1,0.02,1.2,101,20250503184232482303
1,2.5,0.6,0.1,0.1,0.1,1.2,101,20250503184426966221
1,2.5,0.6,0.1,0.2,0.02,1.2,101,20250503184621654288
1,2.5,0.6,0.1,0.2,0.1,1.2,101,20250503184816753537
1,3.0,0.4,0.02,0.1,0.02,1.2,101,20250503185013524853
1,3.0,0.4,0.02,0.1,0.1,1.2,101,20250503185206137138
1,3.0,0.4,0.02,0.2,0.02,1.2,101,20250503185359182419
1,3.0,0.4,0.02,0.2,0.1,1.2,101,20250503185552543721
1,3.0,0.4,0.1,0.1,0.02,1.2,101,20250503185746999530
1,3.0,0.4,0.1,0.1,0.1,1.2,101,20250503185941501374
1,3.0,0.4,0.1,0.2,0.02,1.2,101,20250503190136073781
1,3.0,0.4,0.1,0.2,0.1,1.2,101,20250503190329047163
1,3.0,0.5,0.02,0.1,0.02,1.2,101,20250503190536912199
1,3.0,0.5,0.02,0.1,0.1,1.2,101,20250503190729481977
1,3.0,0.5,0.02,0.2,0.02,1.2,101,20250503190923658253
1,3.0,0.5,0.02,0.2,0.1,1.2,101,20250503191116992572
1,3.0,0.5,0.1,0.1,0.02,1.2,101,20250503191310551734
1,3.0,0.5,0.1,0.1,0.1,1.2,101,20250503191509996868
1,3.0,0.5,0.1,0.2,0.02,1.2,101,20250503191703383525
1,3.0,0.5,0.1,0.2,0.1,1.2,101,20250503191857288576
1,3.0,0.6,0.02,0.1,0.02,1.2,101,20250503192051661752
1,3.0,0.6,0.02,0.1,0.1,1.2,101,20250503192243811025
1,3.0,0.6,0.02,0.2,0.02,1.2,101,20250503192436563455
1,3.0,0.6,0.02,0.2,0.1,1.2,101,20250503192629560850
1,3.0,0.6,0.1,0.1,0.02,1.2,101,20250503192823742475
1,3.0,0.6,0.1,0.1,0.1,1.2,101,20250503193016726621
1,3.0,0.6,0.1,0.2,0.02,1.2,101,20250503193210702749
1,3.0,0.6,0.1,0.2,0.1,1.2,101,20250503193403854377
1,1.0,0.2,0.01,0.2,0.01,1.2,101,20250503193558618358
1,1.0,0.2,0.01,0.4,0.01,1.2,101,20250503193753534401
1,1.0,0.3,0.01,0.2,0.01,1.2,101,20250503193946421158
1,1.0,0.3,0.01,0.4,0.01,1.2,101,20250503194140657497
1,1.0,0.5,0.01,0.2,0.01,1.2,101,20250503194335342153
1,1.0,0.5,0.01,0.4,0.01,1.2,101,20250503194529633473
1,2.0,0.2,0.01,0.2,0.01,1.2,101,20250503194724191235
1,2.0,0.2,0.01,0.4,0.01,1.2,101,20250503194916754235
1,2.0,0.3,0.01,0.2,0.01,1.2,101,20250503195110306263
1,2.0,0.3,0.01,0.4,0.01,1.2,101,20250503195304504493
1,2.0,0.5,0.01,0.2,0.01,1.2,101,20250503195458563274
1,2.0,0.5,0.01,0.4,0.01,1.2,101,20250503195651612745
1,3.0,0.2,0.01,0.2,0.01,1.2,101,20250503195846510850
1,3.0,0.2,0.01,0.4,0.01,1.2,101,20250503200041602046
1,3.0,0.3,0.01,0.2,0.01,1.2,101,20250503200237322388
1,3.0,0.3,0.01,0.4,0.01,1.2,101,20250503200431815192
1,3.0,0.5,0.01,0.2,0.01,1.2,101,20250503200627722188
1,3.0,0.5,0.01,0.4,0.01,1.2,101,20250503200824047023
2,3.0,0.6,0.1,0.02,0.1,1.2,101,20250514114143748753
2,3.0,0.6,0.1,0.02,0.2,1.2,101,20250514114338221321
2,3.0,0.6,0.1,0.05,0.1,1.2,101,20250514114537433096
2,3.0,0.6,0.1,0.05,0.2,1.2,101,20250514114737059712
2,3.0,0.6,0.1,0.07,0.1,1.2,101,20250514114929137705
2,3.0,0.6,0.1,0.07,0.2,1.2,101,20250514115122280456
2,3.0,0.6,0.2,0.02,0.1,1.2,101,20250514115319727646
2,3.0,0.6,0.2,0.02,0.2,1.2,101,20250514115511457954
2,3.0,0.6,0.2,0.05,0.1,1.2,101,20250514120122347353
2,3.0,0.6,0.2,0.05,0.2,1.2,101,20250514120309763284
2,3.0,0.6,0.2,0.07,0.1,1.2,101,20250514120457690923
2,3.0,0.6,0.2,0.07,0.2,1.2,101,20250514120646741718
2,3.0,0.8,0.1,0.02,0.1,1.2,101,20250514120833138044
2,3.0,0.8,0.1,0.02,0.2,1.2,101,20250514121020042509
2,3.0,0.8,0.1,0.05,0.1,1.2,101,20250514121207724546
2,3.0,0.8,0.1,0.05,0.2,1.2,101,20250514121356332088
2,3.0,0.8,0.1,0.07,0.1,1.2,101,20250514121545108335
2,3.0,0.8,0.1,0.07,0.2,1.2,101,20250514121732341853
2,3.0,0.8,0.2,0.02,0.1,1.2,101,20250514121921722099
2,3.0,0.8,0.2,0.02,0.2,1.2,101,20250514122109561235
2,3.0,0.8,0.2,0.05,0.1,1.2,101,20250514122256371872
2,3.0,0.8,0.2,0.05,0.2,1.2,101,20250514122443384300
2,3.0,0.8,0.2,0.07,0.1,1.2,101,20250514122631222497
2,3.0,0.8,0.2,0.07,0.2,1.2,101,20250514122818446691
2,3.0,1.0,0.1,0.02,0.1,1.2,101,20250514123005561677
2,3.0,1.0,0.1,0.02,0.2,1.2,101,20250514123153890457
2,3.0,1.0,0.1,0.05,0.1,1.2,101,20250514123342428560
2,3.0,1.0,0.1,0.05,0.2,1.2,101,20250514123529933464
2,3.0,1.0,0.1,0.07,0.1,1.2,101,20250514123717257902
2,3.0,1.0,0.1,0.07,0.2,1.2,101,20250514123905188596
2,3.0,1.0,0.2,0.02,0.1,1.2,101,20250514124053114646
2,3.0,1.0,0.2,0.02,0.2,1.2,101,20250514124240638194
2,3.0,1.0,0.2,0.05,0.1,1.2,101,20250514124428340213
2,3.0,1.0,0.2,0.05,0.2,1.2,101,20250514124614661335
2,3.0,1.0,0.2,0.07,0.1,1.2,101,20250514124803311185
2,3.0,1.0,0.2,0.07,0.2,1.2,101,20250514124949898474
2,4.0,0.6,0.1,0.02,0.1,1.2,101,20250514125138766589
2,4.0,0.6,0.1,0.02,0.2,1.2,101,20250514125325469281
2,4.0,0.6,0.1,0.05,0.1,1.2,101,20250514125512270870
2,4.0,0.6,0.1,0.05,0.2,1.2,101,20250514125658743085
2,4.0,0.6,0.1,0.07,0.1,1.2,101,20250514125847214967
2,4.0,0.6,0.1,0.07,0.2,1.2,101,20250514130035459336
2,4.0,0.6,0.2,0.02,0.1,1.2,101,20250514130223461258
2,4.0,0.6,0.2,0.02,0.2,1.2,101,20250514130411422576
2,4.0,0.6,0.2,0.05,0.1,1.2,101,20250514130559043860
2,4.0,0.6,0.2,0.05,0.2,1.2,101,20250514130746452131
2,4.0,0.6,0.2,0.07,0.1,1.2,101,20250514130934584573
2,4.0,0.6,0.2,0.07,0.2,1.2,101,20250514131121076025
2,4.0,0.8,0.1,0.02,0.1,1.2,101,20250514131307363982
2,4.0,0.8,0.1,0.02,0.2,1.2,101,20250514131455392493
2,4.0,0.8,0.1,0.05,0.1,1.2,101,20250514131642684026
2,4.0,0.8,0.1,0.05,0.2,1.2,101,20250514131830332926
2,4.0,0.8,0.1,0.07,0.1,1.2,101,20250514132017953716
2,4.0,0.8,0.1,0.07,0.2,1.2,101,20250514132204915191
2,4.0,0.8,0.2,0.02,0.1,1.2,101,20250514132353202217
2,4.0,0.8,0.2,0.02,0.2,1.2,101,20250514132539597546
2,4.0,0.8,0.2,0.05,0.1,1.2,101,20250514132727833797
2,4.0,0.8,0.2,0.05,0.2,1.2,101,20250514132919657747
2,4.0,0.8,0.2,0.07,0.1,1.2,101,20250514133108919749
2,4.0,0.8,0.2,0.07,0.2,1.2,101,20250514133257148765
2,4.0,1.0,0.1,0.02,0.1,1.2,101,20250514133444988322
2,4.0,1.0,0.1,0.02,0.2,1.2,101,20250514133632611740
2,4.0,1.0,0.1,0.05,0.1,1.2,101,20250514133822376779
2,4.0,1.0,0.1,0.05,0.2,1.2,101,20250514134010309098
2,4.0,1.0,0.1,0.07,0.1,1.2,101,20250514134157223548
2,4.0,1.0,0.1,0.07,0.2,1.2,101,20250514134345640645
2,4.0,1.0,0.2,0.02,0.1,1.2,101,20250514134534503753
2,4.0,1.0,0.2,0.02,0.2,1.2,101,20250514134723075666
2,4.0,1.0,0.2,0.05,0.1,1.2,101,20250514134910968690
2,4.0,1.0,0.2,0.05,0.2,1.2,101,20250514135058739055
2,4.0,1.0,0.2,0.07,0.1,1.2,101,20250514135251128306
2,4.0,1.0,0.2,0.07,0.2,1.2,101,20250514135438764723
2,5.0,0.6,0.1,0.02,0.1,1.2,101,20250514135626169334
2,5.0,0.6,0.1,0.02,0.2,1.2,101,20250514135814193525
2,5.0,0.6,0.1,0.05,0.1,1.2,101,20250514140003253226
2,5.0,0.6,0.1,0.05,0.2,1.2,101,20250514140150977440
2,5.0,0.6,0.1,0.07,0.1,1.2,101,20250514140339109785
2,5.0,0.6,0.1,0.07,0.2,1.2,101,20250514140528527270
2,5.0,0.6,0.2,0.02,0.1,1.2,101,20250514140715181417
2,5.0,0.6,0.2,0.02,0.2,1.2,101,20250514140901984817
2,5.0,0.6,0.2,0.05,0.1,1.2,101,20250514141050013758
2,5.0,0.6,0.2,0.05,0.2,1.2,101,20250514141237020245
2,5.0,0.6,0.2,0.07,0.1,1.2,101,20250514141424136053
2,5.0,0.6,0.2,0.07,0.2,1.2,101,20250514141612060560
2,5.0,0.8,0.1,0.02,0.1,1.2,101,20250514141801835738
2,5.0,0.8,0.1,0.02,0.2,1.2,101,20250514141948944399
2,5.0,0.8,0.1,0.05,0.1,1.2,101,20250514142137790856
2,5.0,0.8,0.1,0.05,0.2,1.2,101,20250514142325621558
2,5.0,0.8,0.1,0.07,0.1,1.2,101,20250514142513545217
2,5.0,0.8,0.1,0.07,0.2,1.2,101,20250514142701174401
2,5.0,0.8,0.2,0.02,0.1,1.2,101,20250514142848180018
2,5.0,0.8,0.2,0.02,0.2,1.2,101,20250514143035600156
2,5.0,0.8,0.2,0.05,0.1,1.2,101,20250514143222700692
2,5.0,0.8,0.2,0.05,0.2,1.2,101,20250514143409604738
2,5.0,0.8,0.2,0.07,0.1,1.2,101,20250514143558669090
2,5.0,0.8,0.2,0.07,0.2,1.2,101,20250514143746587948
2,5.0,1.0,0.1,0.02,0.1,1.2,101,20250514143935145416
2,5.0,1.0,0.1,0.02,0.2,1.2,101,20250514144122869037
2,5.0,1.0,0.1,0.05,0.1,1.2,101,20250514144311202753
2,5.0,1.0,0.1,0.05,0.2,1.2,101,20250514144458114097
2,5.0,1.0,0.1,0.07,0.1,1.2,101,20250514144646193490
2,5.0,1.0,0.1,0.07,0.2,1.2,101,20250514144832850992
2,5.0,1.0,0.2,0.02,0.1,1.2,101,20250514145020161698
2,5.0,1.0,0.2,0.02,0.2,1.2,101,20250514145207684669
2,5.0,1.0,0.2,0.05,0.1,1.2,101,20250514145355715490
2,5.0,1.0,0.2,0.05,0.2,1.2,101,20250514145543233743
2,5.0,1.0,0.2,0.07,0.1,1.2,101,20250514145731060853
2,5.0,1.0,0.2,0.07,0.2,1.2,101,20250514145918482916
2,6.0,0.6,0.1,0.02,0.1,1.2,101,20250514150104972315
2,6.0,0.6,0.1,0.02,0.2,1.2,101,20250514150253003811
2,6.0,0.6,0.1,0.05,0.1,1.2,101,20250514150441000834
2,6.0,0.6,0.1,0.05,0.2,1.2,101,20250514150628940427
2,6.0,0.6,0.1,0.07,0.1,1.2,101,20250514150815668462
2,6.0,0.6,0.1,0.07,0.2,1.2,101,20250514151003701712
2,6.0,0.6,0.2,0.02,0.1,1.2,101,20250514151153365779
2,6.0,0.6,0.2,0.02,0.2,1.2,101,20250514151341714087
2,6.0,0.6,0.2,0.05,0.1,1.2,101,20250514151528720474
2,6.0,0.6,0.2,0.05,0.2,1.2,101,20250514151715626912
2,6.0,0.6,0.2,0.07,0.1,1.2,101,20250514151902407123
2,6.0,0.6,0.2,0.07,0.2,1.2,101,20250514152050153327
2,6.0,0.8,0.1,0.02,0.1,1.2,101,20250514152237465061
2,6.0,0.8,0.1,0.02,0.2,1.2,101,20250514152430406753
2,6.0,0.8,0.1,0.05,0.1,1.2,101,20250514152617044336
2,6.0,0.8,0.1,0.05,0.2,1.2,101,20250514152805100601
2,6.0,0.8,0.1,0.07,0.1,1.2,101,20250514152953062127
2,6.0,0.8,0.1,0.07,0.2,1.2,101,20250514153141093144
2,6.0,0.8,0.2,0.02,0.1,1.2,101,20250514153328306176
2,6.0,0.8,0.2,0.02,0.2,1.2,101,20250514153515826210
2,6.0,0.8,0.2,0.05,0.1,1.2,101,20250514153702109365
2,6.0,0.8,0.2,0.05,0.2,1.2,101,20250514153849834662
2,6.0,0.8,0.2,0.07,0.1,1.2,101,20250514154037253008
2,6.0,0.8,0.2,0.07,0.2,1.2,101,20250514154224850864
2,6.0,1.0,0.1,0.02,0.1,1.2,101,20250514154411595900
2,6.0,1.0,0.1,0.02,0.2,1.2,101,20250514154558176116
2,6.0,1.0,0.1,0.05,0.1,1.2,101,20250514154745901603
2,6.0,1.0,0.1,0.05,0.2,1.2,101,20250514154932605917
2,6.0,1.0,0.1,0.07,0.1,1.2,101,20250514155119449995
2,6.0,1.0,0.1,0.07,0.2,1.2,101,20250514155307845923
2,6.0,1.0,0.2,0.02,0.1,1.2,101,20250514155454744792
2,6.0,1.0,0.2,0.02,0.2,1.2,101,20250514155643604125
2,6.0,1.0,0.2,0.05,0.1,1.2,101,20250514155831851216
2,6.0,1.0,0.2,0.05,0.2,1.2,101,20250514160022850048
2,6.0,1.0,0.2,0.07,0.1,1.2,101,20250514160212328582
2,6.0,1.0,0.2,0.07,0.2,1.2,101,20250514160400659316
2,1.5,0.4,0.02,0.1,0.02,1.2,101,20250514160550551534
2,1.5,0.4,0.02,0.1,0.1,1.2,101,20250514160737661551
2,1.5,0.4,0.02,0.2,0.02,1.2,101,20250514160924366253
2,1.5,0.4,0.02,0.2,0.1,1.2,101,20250514161111925366
2,1.5,0.4,0.1,0.1,0.02,1.2,101,20250514161258894187
2,1.5,0.4,0.1,0.1,0.1,1.2,101,20250514161446518216
2,1.5,0.4,0.1,0.2,0.02,1.2,101,20250514161634551503
2,1.5,0.4,0.1,0.2,0.1,1.2,101,20250514161822385727
2,1.5,0.5,0.02,0.1,0.02,1.2,101,20250514162010005898
2,1.5,0.5,0.02,0.1,0.1,1.2,101,20250514162157520969
2,1.5,0.5,0.02,0.2,0.02,1.2,101,20250514162345153529
2,1.5,0.5,0.02,0.2,0.1,1.2,101,20250514162532907238
2,1.5,0.5,0.1,0.1,0.02,1.2,101,20250514162720400717
2,1.5,0.5,0.1,0.1,0.1,1.2,101,20250514162908432748
2,1.5,0.5,0.1,0.2,0.02,1.2,101,20250514163055845649
2,1.5,0.5,0.1,0.2,0.1,1.2,101,20250514163243201834
2,1.5,0.6,0.02,0.1,0.02,1.2,101,20250514163431082668
2,1.5,0.6,0.02,0.1,0.1,1.2,101,20250514163617678453
2,1.5,0.6,0.02,0.2,0.02,1.2,101,20250514163805805641
2,1.5,0.6,0.02,0.2,0.1,1.2,101,20250514163953227017
2,1.5,0.6,0.1,0.1,0.02,1.2,101,20250514164144529699
2,1.5,0.6,0.1,0.1,0.1,1.2,101,20250514164338497928
2,1.5,0.6,0.1,0.2,0.02,1.2,101,20250514164535853714
2,1.5,0.6,0.1,0.2,0.1,1.2,101,20250514164734794715
2,2.5,0.4,0.02,0.1,0.02,1.2,101,20250514164929761326
2,2.5,0.4,0.02,0.1,0.1,1.2,101,20250514165129939736
2,2.5,0.4,0.02,0.2,0.02,1.2,101,20250514165324748671
2,2.5,0.4,0.02,0.2,0.1,1.2,101,20250514165519431101
2,2.5,0.4,0.1,0.1,0.02,1.2,101,20250514165719032014
2,2.5,0.4,0.1,0.1,0.1,1.2,101,20250514165912969019
2,2.5,0.4,0.1,0.2,0.02,1.2,101,20250514170105029618
2,2.5,0.4,0.1,0.2,0.1,1.2,101,20250514170259200837
2,2.5,0.5,0.02,0.1,0.02,1.2,101,20250514170450721656
2,2.5,0.5,0.02,0.1,0.1,1.2,101,20250514170645311330
2,2.5,0.5,0.02,0.2,0.02,1.2,101,20250514170840000039
2,2.5,0.5,0.02,0.2,0.1,1.2,101,20250514171034281792
2,2.5,0.5,0.1,0.1,0.02,1.2,101,20250514171227725034
2,2.5,0.5,0.1,0.1,0.1,1.2,101,20250514171419561303
2,2.5,0.5,0.1,0.2,0.02,1.2,101,20250514171616914163
2,2.5,0.5,0.1,0.2,0.1,1.2,101,20250514171805254013
2,2.5,0.6,0.02,0.1,0.02,1.2,101,20250514171955847274
2,2.5,0.6,0.02,0.1,0.1,1.2,101,20250514172149820348
2,2.5,0.6,0.02,0.2,0.02,1.2,101,20250514172342255535
2,2.5,0.6,0.02,0.2,0.1,1.2,101,20250514172532950438
2,2.5,0.6,0.1,0.1,0.02,1.2,101,20250514172724565915
2,2.5,0.6,0.1,0.1,0.1,1.2,101,20250514172919270767
2,2.5,0.6,0.1,0.2,0.02,1.2,101,20250514173112102021
2,2.5,0.6,0.1,0.2,0.1,1.2,101,20250514173305861735
2,3.0,0.4,0.02,0.1,0.02,1.2,101,20250514173457689834
2,3.0,0.4,0.02,0.1,0.1,1.2,101,20250514173642831597
2,3.0,0.4,0.02,0.2,0.02,1.2,101,20250514173827903838
2,3.0,0.4,0.02,0.2,0.1,1.2,101,20250514174015839055
2,3.0,0.4,0.1,0.1,0.02,1.2,101,20250514174200067824
2,3.0,0.4,0.1,0.1,0.1,1.2,101,20250514174344413306
2,3.0,0.4,0.1,0.2,0.02,1.2,101,20250514174529274005
2,3.0,0.4,0.1,0.2,0.1,1.2,101,20250514174715352822
2,3.0,0.5,0.02,0.1,0.02,1.2,101,20250514174905974276
2,3.0,0.5,0.02,0.1,0.1,1.2,101,20250514175056225842
2,3.0,0.5,0.02,0.2,0.02,1.2,101,20250514175242317435
2,3.0,0.5,0.02,0.2,0.1,1.2,101,20250514175427685638
2,3.0,0.5,0.1,0.1,0.02,1.2,101,20250514175613633045
2,3.0,0.5,0.1,0.1,0.1,1.2,101,20250514175758627994
2,3.0,0.5,0.1,0.2,0.02,1.2,101,20250514175943279151
2,3.0,0.5,0.1,0.2,0.1,1.2,101,20250514180129466214
2,3.0,0.6,0.02,0.1,0.02,1.2,101,20250514180314014497
2,3.0,0.6,0.02,0.1,0.1,1.2,101,20250514180500509833
2,3.0,0.6,0.02,0.2,0.02,1.2,101,20250514180646904172
2,3.0,0.6,0.02,0.2,0.1,1.2,101,20250514180831763559
2,3.0,0.6,0.1,0.1,0.02,1.2,101,20250514181015808840
2,3.0,0.6,0.1,0.1,0.1,1.2,101,20250514181200894665
2,3.0,0.6,0.1,0.2,0.02,1.2,101,20250514181345636678
2,3.0,0.6,0.1,0.2,0.1,1.2,101,20250514181530279283
2,1.0,0.2,0.01,0.2,0.01,1.2,101,20250514181716672375
2,1.0,0.2,0.01,0.4,0.01,1.2,101,20250514181901637710
2,1.0,0.3,0.01,0.2,0.01,1.2,101,20250514182047722301
2,1.0,0.3,0.01,0.4,0.01,1.2,101,20250514182235242548
2,1.0,0.5,0.01,0.2,0.01,1.2,101,20250514182421743061
2,1.0,0.5,0.01,0.4,0.01,1.2,101,20250514182605681572
2,2.0,0.2,0.01,0.2,0.01,1.2,101,20250514182749514358
2,2.0,0.2,0.01,0.4,0.01,1.2,101,20250514182933583777
2,2.0,0.3,0.01,0.2,0.01,1.2,101,20250514183119437090
2,2.0,0.3,0.01,0.4,0.01,1.2,101,20250514183304900817
2,2.0,0.5,0.01,0.2,0.01,1.2,101,20250514183450279714
2,2.0,0.5,0.01,0.4,0.01,1.2,101,20250514183636163036
2,3.0,0.2,0.01,0.2,0.01,1.2,101,20250514183821429454
2,3.0,0.2,0.01,0.4,0.01,1.2,101,20250514184006492153
2,3.0,0.3,0.01,0.2,0.01,1.2,101,20250514184152886202
2,3.0,0.3,0.01,0.4,0.01,1.2,101,20250514184336816459
2,3.0,0.5,0.01,0.2,0.01,1.2,101,20250514184522093949
2,3.0,0.5,0.01,0.4,0.01,1.2,101,20250514184707123609
